,Player,#,Selections,Notes,Reference
0,Kareem Abdul-Jabbar,19,1970–1977; 1979–1989,Missed 1973 game. Replacement selection in 1989 game,
1,LeBron James,19,2005–2023,"Team captain in 2018, 2019, 2020, 2021, 2022, and 2023 games. MVP of 2006, 2008, and 2018 games.",
2,Kobe Bryant,18,1998; 2000–2016,"Missed 2010, 2014, and 2015 games. MVP of 2002, 2007, 2009 (co-MVP with Shaquille O'Neal), and 2011 games.",
3,Tim Duncan,15,1998; 2000–2011; 2013; 2015,,
4,Kevin Garnett,15,1997–1998; 2000–2011; 2013,Missed 2008 game. MVP of the 2003 game. Replacement selection in 1997 game,
5,Shaquille O'Neal,15,1993–1998; 2000–2007; 2009,"Missed 1997, 2001, and 2002 games. MVP of 2000, 2004, and 2009 (co-MVP with Kobe Bryant) games.",
6,Michael Jordan,14,1985–1993; 1996–1998; 2002–2003,"Missed 1986 game. MVP of 1988, 1996, and 1998 games.",
7,Karl Malone,14,1988–1998; 2000–2002,Missed 1990 and 2002 games,
8,Dirk Nowitzki,14,2002–2012; 2014–2015; 2019,Replacement selection in 2015 game. Special roster selection in 2019 game,
9,Jerry West,14,1961–1974,Missed 1969 and 1974 games,
10,Wilt Chamberlain,13,1960–1969; 1971–1973,,
11,Bob Cousy,13,1951–1963,MVP of 1954 and 1957 games,
12,Kevin Durant,13,2010–2019; 2021–2023,"Missed 2021,2022 and 2023 games. Team captain in 2021 and 2022 games. MVP of the 2012 and 2019 games.",
13,John Havlicek,13,1966–1978,,
14,Dwyane Wade,13,2005–2016; 2019,Missed 2015 game. MVP of the 2010 game. Special roster selection in 2019 game,
15,Larry Bird,12,1980–1988; 1990–1992,Missed 1991 and 1992 games,
16,Elvin Hayes,12,1969–1980,,
17,Magic Johnson,12,1980; 1982–1992,Missed 1989 game,
18,Moses Malone,12,1978–1989,Missed 1984 game; also a one-time ABA All-Star,
19,Hakeem Olajuwon,12,1985–1990; 1992–1997,,
20,Chris Paul,12,2008–2016; 2020–2022,Missed 2010 game. MVP of the 2013 game.,
21,Oscar Robertson,12,1961–1972,"MVP of 1961, 1964, and 1969 games",
22,Bill Russell,12,1958–1969,,
23,Dolph Schayes,12,1951–1962,Missed 1952 game,
24,Isiah Thomas,12,1982–1993,Missed 1991 game,
25,Charles Barkley,11,1987–1997,Missed 1994 and 1997 games,
26,Elgin Baylor,11,1959–1965; 1967–1970,,
27,Chris Bosh,11,2006–2016,Missed 2009 and 2016  games,
28,Julius Erving,11,1977–1987,Also a five-time ABA All-Star,
29,Patrick Ewing,11,1986; 1988–1997,Missed 1986 and 1997 games,
30,Allen Iverson,11,2000–2010,Missed 2007 and 2010 games. MVP of the 2001 and 2005 games.,
31,Bob Pettit,11,1955–1965,,
32,Ray Allen,10,2000–2002; 2004–2009; 2011,Replacement selection in 2008 and 2009 games,
33,Carmelo Anthony,10,2007–2008; 2010–2017,Replacement selection in 2017 game,
34,Paul Arizin,10,1951–1952; 1955–1962,Missed 1960 game,
35,Clyde Drexler,10,1986; 1988–1994; 1996–1997,Missed 1997 game,
36,Hal Greer,10,1961–1970,,
37,James Harden,10,2013–2022,Missed 2022 game.,
38,Jason Kidd,10,1996; 1998; 2000–2004; 2007–2008; 2010,Missed 2007 game. Replacement selection in 2010 game,
39,Paul Pierce,10,2002–2006; 2008–2012,,
40,David Robinson,10,1990–1996; 1998; 2000–2001,,
41,John Stockton,10,1989–1997; 2000,,
42,Stephen Curry,9,2014–2019; 2021–2023,Team captain in 2018 game and MVP of the 2022 game. Missed 2023 game,
43,George Gervin,9,1977–1985,Also a three-time ABA All-Star,
44,Robert Parish,9,1981–1987; 1990–1991,,
45,Gary Payton,9,1994–1998; 2000–2003,Replacement selection in 1994 game,
46,Russell Westbrook,9,2011–2013; 2015–2020,MVP of the 2015 and 2016 games.,
47,Lenny Wilkens,9,1963–1965; 1967–1971; 1973,,
48,Dominique Wilkins,9,1986–1994,Missed 1992 game,
49,Rick Barry,8,1966–1967; 1973–1978,Missed 1973 game; also a four-time ABA All-Star,
50,Vince Carter,8,2000–2007,Missed 2002 game,
51,Dave Cowens,8,1972–1978; 1980,Missed 1977 and 1980 games,
52,Anthony Davis,8,2014–2021,Missed 2015 and 2021 games. Replacement selection in 2014. MVP of the 2017 game.,
53,Dave DeBusschere,8,1966–1968; 1970–1974,,
54,Alex English,8,1982–1989,,
55,Larry Foust,8,1951–1956; 1958–1959,Missed 1952 game,
56,Paul George,8,2013–2014; 2016–2019; 2021; 2023,Replacement selection in 2018 game,
57,Dwight Howard,8,2007–2014,,
58,Kyrie Irving,8,2013–2015; 2017–2019; 2021; 2023,MVP of the 2014 game.,
59,Bob Lanier,8,1972–1975; 1977–1979; 1982,,
60,Dikembe Mutombo,8,1992; 1995–1998; 2000–2002,Replacement selection in 1995 and 2001 games,
61,Steve Nash,8,2002–2003; 2005–2008; 2010; 2012,Missed 2007 game,
62,Bill Sharman,8,1953–1960,,
63,Yao Ming,8,2003–2009; 2011,Missed 2007 and 2011 games,
64,LaMarcus Aldridge,7,2012–2016; 2018–2019,,
65,Giannis Antetokounmpo,7,2017–2023,"Team captain in 2019, 2020, and 2023 games. MVP of the 2021 game.",
66,Dave Bing,7,1968–1969; 1971; 1973–1976,,
67,Walt Frazier,7,1970–1976,,
68,Harry Gallatin,7,1951–1957,,
69,Grant Hill,7,1995–1998; 2000–2001; 2005,Missed 2001 game,
70,Joe Johnson,7,2007–2012; 2014,Missed 2012 game. Replacement in 2007 game,
71,Damian Lillard,7,2014–2015; 2018–2021; 2023,Missed 2020 game. Replacement selection in 2015 game,
72,Jerry Lucas,7,1964–1969; 1971,,
73,Ed Macauley,7,1951–1957,,
74,Slater Martin,7,1953–1959,,
75,Tracy McGrady,7,2001–2007,,
76,Dick McGuire,7,1951–1952; 1954–1956; 1958–1959,,
77,Kevin McHale,7,1984; 1986–1991,,
78,Alonzo Mourning,7,1994–1997; 2000–2002,"Missed 1994, 1997, and 2001 games",
79,Scottie Pippen,7,1990; 1992–1997,,
80,Willis Reed,7,1965–1971,,
81,Jack Sikma,7,1979–1985,,
82,Nate Thurmond,7,1965–1968; 1970; 1973–1974,Missed 1968 and 1970 games,
83,Chet Walker,7,1964; 1966–1967; 1970–1971; 1973–1974,,
84,Jo Jo White,7,1971–1977,,
85,James Worthy,7,1986–1992,,
86,Tiny Archibald,6,1973; 1975–1976; 1980–1982,,
87,Jimmy Butler,6,2015–2018; 2020; 2022,Missed 2016 game,
88,Larry Costello,6,1958–1962; 1965,Missed 1962 game; inducted as a contributor,
89,Adrian Dantley,6,1980–1982; 1984–1986,,
90,Walter Davis,6,1978–1981; 1984; 1987,,
91,DeMar DeRozan,6,2014; 2016–2018; 2022–2023,,
92,Joe Dumars,6,1990–1993; 1995; 1997,Replacement selection in 1997 game,
93,Joel Embiid,6,2018–2023,Missed 2021 game,
94,Pau Gasol,6,2006; 2009–2011; 2015–2016,Replacement selection in 2016 game,
95,Artis Gilmore,6,1978–1979; 1981–1983; 1986,Also a five-time ABA All-Star,
96,Blake Griffin,6,2011–2015; 2019,Missed 2015 game,
97,Richie Guerin,6,1958–1963,,
98,Tom Heinsohn,6,1957; 1961–1965,Missed 1965 game,
99,Bailey Howell,6,1961–1964; 1966–1967,,
100,Lou Hudson,6,1969–1974,,
101,Neil Johnston,6,1953–1958,,
102,Shawn Kemp,6,1993–1998,,
103,Kyle Lowry,6,2015–2020,,
104,Vern Mikkelsen,6,1951–1953; 1955–1957,,
105,Jermaine O'Neal,6,2002–2007,Missed 2006 game,
106,Tony Parker,6,2006–2007; 2009; 2012–2014,,
107,Mitch Richmond,6,1993–1998,Missed 1993 game,
108,Amar'e Stoudemire,6,2005; 2007–2011,,
109,Jack Twyman,6,1957–1960; 1962–1963,,
110,George Yardley,6,1955–1960,,
111,Chauncey Billups,5,2006–2010,Replacement selection in 2010 game,
112,Carl Braun,5,1953–1957,Missed 1956 game,
113,Brad Daugherty,5,1988–1989; 1991–1993,,
114,Wayne Embry,5,1961–1965,Missed 1963 game; inducted as a contributor,
115,Tom Gola,5,1960–1964,Missed 1962 game,
116,Gail Goodrich,5,1969; 1972–1975,,
117,Cliff Hagan,5,1958–1962,Missed 1958 game; also a one-time ABA All-Star,
118,Tim Hardaway,5,1991–1993; 1997–1998,,
119,Al Horford,5,2010–2011; 2015–2016; 2018,Replacement selection in 2016 game,
120,Dennis Johnson,5,1979–1982; 1985,,
121,Gus Johnson,5,1965; 1968–1971,,
122,Marques Johnson,5,1979–1981; 1983; 1986,,
123,Nikola Jokic,5,2019–2023,,
124,Sam Jones,5,1962; 1964–1966; 1968,,
125,Rudy LaRusso,5,1962–1963; 1966; 1968–1969,Missed 1962 game,
126,Kawhi Leonard,5,2016–2017; 2019–2021,MVP of the 2020 game.,
127,Kevin Love,5,2011–2012; 2014; 2017–2018,Missed 2017 and 2018 games. Replacement selection in 2011 game,
128,Pete Maravich,5,1973–1974; 1977–1979,Missed 1978 game,
129,Bob McAdoo,5,1974–1978,,
130,Reggie Miller,5,1990; 1995–1996; 1998; 2000,,
131,Sidney Moncrief,5,1982–1986,,
132,Chris Mullin,5,1989–1993,Missed 1993 game,
133,Don Ohl,5,1963–1967,,
134,Andy Phillip,5,1951–1955,,
135,Gene Shue,5,1958–1962,,
136,Klay Thompson,5,2015–2019,,
137,Rudy Tomjanovich,5,1974–1977; 1979,,
138,Wes Unseld,5,1969; 1971–1973; 1975,,
139,John Wall,5,2014–2018,Missed 2018 game,
140,Bobby Wanzer,5,1952–1956,,
141,Chris Webber,5,1997; 2000–2003,Missed 2003 game. Replacement selection in 1997 game,
142,Paul Westphal,5,1977–1981,,
143,Vin Baker,4,1995–1998,,
144,Walt Bellamy,4,1962–1965,,
145,Otis Birdsong,4,1979–1981; 1984,,
146,Rolando Blackman,4,1985–1987; 1990,Replacement selection in 1990 game,
147,Tom Chambers,4,1987; 1989–1991,Replacement selection in 1987 game,
148,Maurice Cheeks,4,1983; 1986–1988,,
149,Doug Collins,4,1976–1979,Missed 1979 game,
150,DeMarcus Cousins,4,2015–2018,Missed 2018 game. Replacement selection in 2015 game,
151,Billy Cunningham,4,1969–1972,Also a one-time ABA All-Star,
152,Bob Dandridge,4,1973; 1975–1976; 1979,,
153,Bob Davies,4,1951–1954,,
154,Luka Doncic,4,2020–2023,,
155,Dick Garmaker,4,1957–1960,,
156,Draymond Green,4,2016–2018; 2022,Missed 2022 game.,
157,Johnny Green,4,1962–1963; 1965; 1971,,
158,Anfernee Hardaway,4,1995–1998,,
159,Connie Hawkins,4,1970–1973,Also a one-time ABA All-Star,
160,Spencer Haywood,4,1972–1975,Also a one-time ABA All-Star,
161,Mel Hutchins,4,1953–1954; 1956–1957,,
162,Bobby Jones,4,1977–1978; 1981–1982,Also a two-time ABA All-Star,
163,Bernard King,4,1982; 1984–1985; 1991,,
164,Bill Laimbeer,4,1983–1985; 1987,,
165,Clyde Lovellette,4,1956–1957; 1960–1961,,
166,Maurice Lucas,4,1977–1979; 1983,Also a one-time ABA All-Star,
167,Shawn Marion,4,2003; 2005–2007,,
168,George Mikan,4,1951–1954,,
169,Paul Millsap,4,2014–2017,,
170,Donovan Mitchell,4,2020–2023,,
171,Earl Monroe,4,1969; 1971; 1975; 1977,,
172,Willie Naulls,4,1958; 1960–1962,,
173,Jim Pollard,4,1951–1952; 1954–1955,,
174,Mark Price,4,1989; 1992–1994,,
175,Micheal Ray Richardson,4,1980–1982; 1985,,
176,Arnie Risen,4,1952–1955,Missed 1955 game,
177,Alvin Robertson,4,1986–1988; 1991,,
178,Guy Rodgers,4,1963–1964; 1966–1967,,
179,Rajon Rondo,4,2010–2013,Missed 2013 game. Replacement selection in 2012 game,
180,Ralph Sampson,4,1984–1987,Missed 1987 game,
181,Latrell Sprewell,4,1994–1995; 1997; 2001,Replacement selection in 2001 game,
182,Jayson Tatum,4,2020–2023,,
183,David Thompson,4,1977–1979; 1983,Also a one-time ABA All-Star,
184,Kemba Walker,4,2017–2020,Replacement selection in 2018 game,
185,Ben Wallace,4,2003–2006,,
186,Rasheed Wallace,4,2000–2001; 2006; 2008,Replacement selection in 2008 game,
187,Sidney Wicks,4,1972–1975,,
188,Mark Aguirre,3,1984; 1987–1988,,
189,Gilbert Arenas,3,2005–2007,Replacement selection in 2006 game,
190,Bradley Beal,3,2018–2019; 2021,,
191,Devin Booker,3,2020–2022,Missed 2021 game. Replacement selection in 2020 and 2021 games,
192,Bill Bridges,3,1967–1968; 1970,,
193,Phil Chenier,3,1974–1975; 1977,,
194,Terry Dischinger,3,1963–1965,,
195,Steve Francis,3,2002–2004,,
196,Marc Gasol,3,2012; 2015; 2017,,
197,Rudy Gobert,3,2020–2022,,
198,Richard Hamilton,3,2006–2008,,
199,Kevin Johnson,3,1990–1991; 1994,,
200,Eddie Jones,3,1997–1998; 2000,,
201,Bob Kauffman,3,1971–1973,,
202,Red Kerr,3,1956; 1959; 1963,,
203,Bob Love,3,1971–1973,,
204,Dan Majerle,3,1992–1993; 1995,,
205,George McGinnis,3,1976–1977; 1979,Also a three-time ABA All-Star,
206,Khris Middleton,3,2019–2020; 2022,,
207,Jeff Mullins,3,1969–1971,,
208,Larry Nance,3,1985; 1989; 1993,,
209,Glen Rice,3,1996–1998,,
210,Derrick Rose,3,2010–2012,,
211,Dan Roundfield,3,1980–1982,Missed 1981 and 1982 games,
212,Brandon Roy,3,2008–2010,Missed 2010 game,
213,Domantas Sabonis,3,2020–2021; 2023,Replacement selection in 2021,
214,Detlef Schrempf,3,1993; 1995; 1997,Replacement selection in 1997 game,
215,Charlie Scott,3,1973–1975,Also a two-time ABA All-Star,
216,Paul Seymour,3,1953–1955,,
217,Ben Simmons,3,2019–2021,Missed 2021 game,
218,Peja Stojakovic,3,2002–2004,Replacement selection in 2003 game,
219,Maurice Stokes,3,1956–1958,,
220,KarlAnthony Towns,3,2018–2019; 2022,,
221,Dick Van Arsdale,3,1969–1971,,
222,Tom Van Arsdale,3,1970–1972,,
223,Norm Van Lier,3,1974; 1976–1977,,
224,Antoine Walker,3,1998; 2002–2003,,
225,Jamaal Wilkes,3,1976; 1981; 1983,,
226,Buck Williams,3,1982–1983; 1986,,
227,Deron Williams,3,2010–2012,,
228,Bam Adebayo,2,2020; 2023,,
229,Leo Barnhorst,2,1952–1953,,
230,Zelmo Beaty,2,1966; 1968,Also a three-time ABA All-Star,
231,Carlos Boozer,2,2007–2008,Missed 2007 game,
232,Elton Brand,2,2002; 2006,Replacement selection in 2002,
233,Terrell Brandon,2,1996–1997,,
234,Frankie Brian,2,1951–1952,,
235,Jaylen Brown,2,2021; 2023,,
236,Caron Butler,2,2007–2008,Missed 2008 game,
237,Joe Caldwell,2,1969–1970,Also a two-time ABA All-Star,
238,Archie Clark,2,1968; 1972,,
239,Terry Cummings,2,1985; 1989,,
240,Baron Davis,2,2002; 2004,Replacement selection in 2002 game,
241,Luol Deng,2,2012–2013,,
242,John Drew,2,1976; 1980,,
243,Andre Drummond,2,2016; 2018,Replacement selection in 2018 game,
244,Kevin Duckworth,2,1989; 1991,,
245,Walter Dukes,2,1960–1961,,
246,Dike Eddleman,2,1951–1952,,
247,Sean Elliott,2,1993; 1996,,
248,Michael Finley,2,2000–2001,,
249,Joe Fulks,2,1951–1952,,
250,Jack George,2,1956–1957,,
251,Manu Ginobili,2,2005; 2011,,
252,Roy Hibbert,2,2012; 2014,,
253,Jrue Holiday,2,2013; 2023,,
254,Allan Houston,2,2000–2001,,
255,Hot Rod Hundley,2,1960–1961,,
256,Zydrunas Ilgauskas,2,2003; 2005,,
257,Antawn Jamison,2,2005; 2008,,
258,Eddie Johnson,2,1980–1981,,
259,John Johnson,2,1971–1972,,
260,Larry Johnson,2,1993; 1995,,
261,Larry Kenon,2,1978–1979,Also a three-time ABA All-Star,
262,Don Kojis,2,1968–1969,,
263,Zach LaVine,2,2021–2022,,
264,David Lee,2,2010; 2013,Replacement selection in 2010 game,
265,Fat Lever,2,1988; 1990,,
266,Rashard Lewis,2,2005; 2009,,
267,Jeff Malone,2,1986–1987,,
268,Danny Manning,2,1993–1994,,
269,Stephon Marbury,2,2001; 2003,,
270,Jack Marin,2,1972–1973,,
271,Brad Miller,2,2003–2004,,
272,Ja Morant,2,2022–2023,,
273,Norm Nixon,2,1982; 1985,,
274,Joakim Noah,2,2013–2014,,
275,Victor Oladipo,2,2018–2019,Missed 2019 game,
276,Jim Paxson,2,1983–1984,,
277,Geoff Petrie,2,1971; 1974,,
278,Terry Porter,2,1991; 1993,Replacement selection in 1993 game,
279,Julius Randle,2,2021; 2023,,
280,Zach Randolph,2,2010; 2013,,
281,Glenn Robinson,2,2000–2001,,
282,Truck Robinson,2,1978; 1981,,
283,Red Rocha,2,1951–1952,,
284,Dennis Rodman,2,1990; 1992,,
285,Jeff Ruland,2,1984–1985,Missed 1985 game,
286,Fred Scolari,2,1952–1953,Missed 1953 game,
287,Ken Sears,2,1958–1959,,
288,Frank Selvy,2,1955; 1962,,
289,Pascal Siakam,2,2020; 2023,Replacement selection in 2023 game,
290,Paul Silas,2,1972; 1975,,
291,Jerry Sloan,2,1967; 1969,,
292,Phil Smith,2,1976–1977,,
293,Randy Smith,2,1976; 1978,,
294,Jerry Stackhouse,2,2000–2001,,
295,Reggie Theus,2,1981; 1983,,
296,Isaiah Thomas,2,2016–2017,,
297,Andrew Toney,2,1983–1984,,
298,Kelly Tripucka,2,1982; 1984,,
299,Kiki Vandeweghe,2,1983–1984,,
300,Nikola Vucevic,2,2019; 2021,,
301,Jimmy Walker,2,1970; 1972,,
302,Bill Walton,2,1977–1978,Missed 1977 game,
303,Scott Wedman,2,1976; 1980,Missed 1980 game,
304,David West,2,2008–2009,,
305,Gus Williams,2,1982–1983,,
306,Zion Williamson,2,2021; 2023,Missed 2023 game,
307,Brian Winters,2,1976; 1978,,\
308,Trae Young,2,2020; 2022,,
309,Shareef AbdurRahim,1,2002,Replacement selection in 2002 game,
310,Alvan Adams,1,1976,,
311,Michael Adams,1,1992,Replacement selection in 1992 game,
312,Danny Ainge,1,1988,,
313,Jarrett Allen,1,2022,Replacement selection in 2022 game,
314,Kenny Anderson,1,1994,,
315,BJ Armstrong,1,1994,,
316,LaMelo Ball,1,2022,Replacement selection in 2022 game.,
317,Don Barksdale,1,1953,Inducted as a contributor,
318,Dick Barnett,1,1968,,
319,Dana Barros,1,1995,,
320,Butch Beard,1,1972,,
321,Ralph Beard,1,1951,,
322,Mookie Blaylock,1,1994,,
323,John Block,1,1973,,
324,Bob Boozer,1,1968,,
325,Vince Boryla,1,1951,,
326,Bill Bradley,1,1973,,
327,Fred Brown,1,1976,,
328,Don Buse,1,1977,Also a one-time ABA All-Star,
329,Andrew Bynum,1,2012,,
330,Austin Carr,1,1974,,
331,Joe Barry Carroll,1,1987,,
332,Bill Cartwright,1,1980,,
333,Sam Cassell,1,2004,,
334,Cedric Ceballos,1,1995,Missed 1995 game,
335,Tyson Chandler,1,2013,,
336,Len Chappell,1,1964,,
337,Nat Clifton,1,1957,,
338,Derrick Coleman,1,1994,,
339,Jack Coleman,1,1955,,
340,Mike Conley,1,2021,Replacement selection in 2021 game,
341,Antonio Davis,1,2001,Replacement selection in 2001 game,
342,Dale Davis,1,2000,,
343,Vlade Divac,1,2001,Replacement selection in 2001 game,
344,James Donaldson,1,1988,Replacement selection in 1988 game,
345,Goran Dragic,1,2018,Replacement selection in 2018 game game,
346,Mark Eaton,1,1989,,
347,Anthony Edwards,1,2023,Replacement selection in 2023 game,
348,Dale Ellis,1,1989,,
349,Ray Felix,1,1954,,
350,Sleepy Floyd,1,1987,,
351,De'Aaron Fox,1,2023,Replacement selection in 2023 game,
352,World B Free,1,1980,,
353,Bill Gabor,1,1953,,
354,Darius Garland,1,2022,,
355,Chris Gatling,1,1997,Replacement selection in 1997 game,
356,Shai GilgeousAlexander,1,2023,,
357,Danny Granger,1,2009,,
358,Horace Grant,1,1994,Replacement selection in 1994 game,
359,AC Green,1,1990,,
360,Rickey Green,1,1984,,
361,Alex Groza,1,1951,,
362,Tom Gugliotta,1,1997,,
363,Tyrese Haliburton,1,2023,,
364,Devin Harris,1,2009,,
365,Bob Harrison,1,1956,,
366,Hersey Hawkins,1,1991,Replacement selection in 1991 game,
367,Gordon Hayward,1,2017,,
368,Walt Hazzard,1,1968,,
369,Tyrone Hill,1,1995,,
370,Lionel Hollins,1,1978,,
371,Jeff Hornacek,1,1992,,
372,Josh Howard,1,2007,,
373,Juwan Howard,1,1996,,
374,Andre Iguodala,1,2012,,
375,Darrall Imhoff,1,1967,,
376,Brandon Ingram,1,2020,,
377,Dan Issel,1,1977,Also a six-time ABA All-Star,
378,Jaren Jackson,1,2023,,
379,Luke Jackson,1,1965,,
380,Mark Jackson,1,1989,,
381,Steve Johnson,1,1988,Missed 1988 game,
382,DeAndre Jordan,1,2017,,
383,Chris Kaman,1,2010,Replacement selection in 2010 game,
384,Jim King,1,1968,,
385,Andrei Kirilenko,1,2004,,
386,Billy Knight,1,1977,Also a one-time ABA All-Star,
387,Kyle Korver,1,2015,Replacement selection in 2015 game,
388,Sam Lacey,1,1975,,
389,Christian Laettner,1,1997,,
390,Clyde Lee,1,1968,,
391,Reggie Lewis,1,1992,,
392,Brook Lopez,1,2013,Replacement selection in 2013 game,
393,Jamaal Magloire,1,2004,,
394,Lauri Markkanen,1,2023,,
395,Kenyon Martin,1,2004,,
396,Jamal Mashburn,1,2003,,
397,Anthony Mason,1,2001,,
398,Xavier McDaniel,1,1988,,
399,Antonio McDyess,1,2001,,
400,Jon McGlocklin,1,1969,,
401,Tom Meschery,1,1963,,
402,Eddie Miles,1,1966,,
403,Mike Mitchell,1,1981,,
404,Steve Mix,1,1975,,
405,Jack Molinas,1,1954,Missed 1954 game,
406,Calvin Murphy,1,1979,,
407,Dejounte Murray,1,2022,Replacement selection in 2022 game.,
408,Calvin Natt,1,1985,,
409,Jameer Nelson,1,2009,Missed 2009 game,
410,Chuck Noble,1,1960,,
411,Charles Oakley,1,1994,,
412,Mehmet Okur,1,2007,,
413,Ricky Pierce,1,1991,,
414,Kristaps Porzingis,1,2018,Missed 2018 game,
415,Jim Price,1,1975,,
416,Theo Ratliff,1,2001,Missed 2001 game,
417,Michael Redd,1,2004,,
418,Richie Regan,1,1957,,
419,Doc Rivers,1,1988,,
420,Clifford Robinson,1,1994,,
421,Flynn Robinson,1,1970,,
422,Curtis Rowe,1,1976,,
423,Bob Rule,1,1970,,
424,Campy Russell,1,1979,,
425,Cazzie Russell,1,1972,,
426,D'Angelo Russell,1,2019,Replacement selection in 2019 game,
427,Woody Sauldsberry,1,1959,,
428,Fred Schaus,1,1951,,
429,Lee Shaffer,1,1963,,
430,Lonnie Shelton,1,1982,,
431,Adrian Smith,1,1966,,
432,Steve Smith,1,1998,,
433,Rik Smits,1,1998,,
434,John Starks,1,1994,,
435,Don Sunderlage,1,1954,,
436,Wally Szczerbiak,1,2002,,
437,Jeff Teague,1,2015,,
438,Otis Thorpe,1,1992,,
439,Nick Van Exel,1,1998,,
440,Fred VanVleet,1,2022,,
441,Gerald Wallace,1,2010,,
442,Paul Walther,1,1952,,
443,Kermit Washington,1,1980,,
444,Andrew Wiggins,1,2022,,
445,Jayson Williams,1,1998,,
446,Mo Williams,1,2009,Replacement selection in 2009 game,
447,Kevin Willis,1,1992,Replacement selection in 1992 game,
448,Metta World Peace,1,2004,,
449,Max Zaslofsky,1,1952,,
